year,sgis_si,sgis_gu,road_stts,road_len,road_area,road_rt
1979,서울시,소계,계,6556800,-,
1979,서울시,소계,미포장,2242500,-,
1979,서울시,소계,포장,4314300,-,
1980,서울시,소계,계,6610400,-,
1980,서울시,소계,미포장,2119500,-,
1980,서울시,소계,포장,4490900,-,
1981,서울시,소계,계,6684300,-,
1981,서울시,소계,미포장,2062300,-,
1981,서울시,소계,포장,4622000,-,
1982,서울시,소계,계,6738600,-,
1982,서울시,소계,미포장,1907000,-,
1982,서울시,소계,포장,4831600,-,
1983,서울시,소계,계,6777300,-,
1983,서울시,소계,미포장,1901700,-,
1983,서울시,소계,포장,4875600,-,
1984,서울시,소계,계,6843400,-,
1984,서울시,소계,미포장,1664000,-,
1984,서울시,소계,포장,5179400,-,
1985,서울시,소계,계,6974800,-,
1985,서울시,소계,미포장,1572900,-,
1985,서울시,소계,포장,5401900,-,
1986,서울시,소계,계,7058000,-,
1986,서울시,소계,미포장,1511000,-,
1986,서울시,소계,포장,5547000,-,
1987,서울시,소계,계,7140800,-,
1987,서울시,소계,미포장,1492400,-,
1987,서울시,소계,포장,5648400,-,
1988,서울시,소계,계,7250000,-,
1988,서울시,소계,미포장,1465000,-,
1988,서울시,소계,포장,5785000,-,
1989,서울시,소계,계,7323000,-,
1989,서울시,소계,미포장,1285000,-,
1989,서울시,소계,포장,6038000,-,
1990,서울시,소계,계,7374000,-,
1990,서울시,소계,미포장,1138000,-,
1990,서울시,소계,포장,6236000,-,
1991,서울시,소계,계,7426700,-,
1991,서울시,소계,미포장,1113000,-,
1991,서울시,소계,포장,6313700,-,
1992,서울시,소계,계,7515900,-,
1992,서울시,소계,미포장,1112300,-,
1992,서울시,소계,포장,6403600,-,
1993,서울시,소계,계,7561429,-,
1993,서울시,종로구,계,249663,-,
1993,서울시,중구,계,97497,-,
1993,서울시,용산구,계,265622,-,
1993,서울시,성동구,계,699892,-,
1993,서울시,동대문구,계,301196,-,
1993,서울시,중랑구,계,291719,-,
1993,서울시,성북구,계,593662,-,
1993,서울시,도봉구,계,468082,-,
1993,서울시,노원구,계,237669,-,
1993,서울시,은평구,계,321037,-,
1993,서울시,서대문구,계,284780,-,
1993,서울시,마포구,계,373667,-,
1993,서울시,양천구,계,384964,-,
1993,서울시,강서구,계,318983,-,
1993,서울시,구로구,계,424782,-,
1993,서울시,영등포구,계,370706,-,
1993,서울시,동작구,계,213980,-,
1993,서울시,관악구,계,303483,-,
1993,서울시,서초구,계,327839,-,
1993,서울시,강남구,계,414035,-,
1993,서울시,송파구,계,348061,-,
1993,서울시,강동구,계,270110,-,
1993,서울시,소계,미포장,1124020,-,
1993,서울시,종로구,미포장,5957,-,
1993,서울시,성동구,미포장,69702,-,
1993,서울시,동대문구,미포장,31498,-,
1993,서울시,중랑구,미포장,68242,-,
1993,서울시,성북구,미포장,131801,-,
1993,서울시,도봉구,미포장,63980,-,
1993,서울시,노원구,미포장,75661,-,
1993,서울시,은평구,미포장,75911,-,
1993,서울시,서대문구,미포장,34514,-,
1993,서울시,마포구,미포장,3937,-,
1993,서울시,양천구,미포장,90904,-,
1993,서울시,강서구,미포장,61363,-,
1993,서울시,구로구,미포장,116430,-,
1993,서울시,영등포구,미포장,37808,-,
1993,서울시,동작구,미포장,53287,-,
1993,서울시,관악구,미포장,43001,-,
1993,서울시,서초구,미포장,5140,-,
1993,서울시,강남구,미포장,68077,-,
1993,서울시,송파구,미포장,17117,-,
1993,서울시,강동구,미포장,69690,-,
1993,서울시,소계,포장,6437409,-,
1993,서울시,종로구,포장,243706,-,
1993,서울시,중구,포장,97497,-,
1993,서울시,용산구,포장,265622,-,
1993,서울시,성동구,포장,630190,-,
1993,서울시,동대문구,포장,269698,-,
1993,서울시,중랑구,포장,223477,-,
1993,서울시,성북구,포장,461861,-,
1993,서울시,도봉구,포장,404102,-,
1993,서울시,노원구,포장,162008,-,
1993,서울시,은평구,포장,245126,-,
1993,서울시,서대문구,포장,250266,-,
1993,서울시,마포구,포장,369730,-,
1993,서울시,양천구,포장,294060,-,
1993,서울시,강서구,포장,257620,-,
1993,서울시,구로구,포장,308352,-,
1993,서울시,영등포구,포장,332898,-,
1993,서울시,동작구,포장,160693,-,
1993,서울시,관악구,포장,260482,-,
1993,서울시,서초구,포장,322699,-,
1993,서울시,강남구,포장,345958,-,
1993,서울시,송파구,포장,330944,-,
1993,서울시,강동구,포장,200420,-,
1994,서울시,소계,계,7621605,-,
1994,서울시,종로구,계,251743,-,
1994,서울시,중구,계,98271,-,
1994,서울시,용산구,계,266084,-,
1994,서울시,성동구,계,701324,-,
1994,서울시,동대문구,계,302534,-,
1994,서울시,중랑구,계,292800,-,
1994,서울시,성북구,계,594992,-,
1994,서울시,도봉구,계,469209,-,
1994,서울시,노원구,계,242542,-,
1994,서울시,은평구,계,322396,-,
1994,서울시,서대문구,계,286382,-,
1994,서울시,마포구,계,377275,-,
1994,서울시,양천구,계,385624,-,
1994,서울시,강서구,계,339998,-,
1994,서울시,구로구,계,427230,-,
1994,서울시,영등포구,계,372181,-,
1994,서울시,동작구,계,217296,-,
1994,서울시,관악구,계,304587,-,
1994,서울시,서초구,계,333464,-,
1994,서울시,강남구,계,414535,-,
1994,서울시,송파구,계,348989,-,
1994,서울시,강동구,계,272149,-,
1994,서울시,소계,미포장,1122617,-,
1994,서울시,종로구,미포장,5957,-,
1994,서울시,성동구,미포장,69702,-,
1994,서울시,동대문구,미포장,31498,-,
1994,서울시,중랑구,미포장,68242,-,
1994,서울시,성북구,미포장,131801,-,
1994,서울시,도봉구,미포장,63980,-,
1994,서울시,노원구,미포장,75361,-,
1994,서울시,은평구,미포장,75911,-,
1994,서울시,서대문구,미포장,34514,-,
1994,서울시,마포구,미포장,3937,-,
1994,서울시,양천구,미포장,90904,-,
1994,서울시,강서구,미포장,61363,-,
1994,서울시,구로구,미포장,116430,-,
1994,서울시,영등포구,미포장,37808,-,
1994,서울시,동작구,미포장,53287,-,
1994,서울시,관악구,미포장,43001,-,
1994,서울시,서초구,미포장,5140,-,
1994,서울시,강남구,미포장,66974,-,
1994,서울시,송파구,미포장,17117,-,
1994,서울시,강동구,미포장,69690,-,
1994,서울시,소계,포장,6498988,-,
1994,서울시,종로구,포장,245786,-,
1994,서울시,중구,포장,98271,-,
1994,서울시,용산구,포장,266084,-,
1994,서울시,성동구,포장,631622,-,
1994,서울시,동대문구,포장,271036,-,
1994,서울시,중랑구,포장,224558,-,
1994,서울시,성북구,포장,463191,-,
1994,서울시,도봉구,포장,405229,-,
1994,서울시,노원구,포장,167181,-,
1994,서울시,은평구,포장,246485,-,
1994,서울시,서대문구,포장,251868,-,
1994,서울시,마포구,포장,373338,-,
1994,서울시,양천구,포장,294720,-,
1994,서울시,강서구,포장,278635,-,
1994,서울시,구로구,포장,310800,-,
1994,서울시,영등포구,포장,334373,-,
1994,서울시,동작구,포장,164009,-,
1994,서울시,관악구,포장,261586,-,
1994,서울시,서초구,포장,328324,-,
1994,서울시,강남구,포장,347561,-,
1994,서울시,송파구,포장,331872,-,
1994,서울시,강동구,포장,202459,-,
1995,서울시,소계,계,7674674,-,
1995,서울시,종로구,계,253160,-,
1995,서울시,중구,계,99006,-,
1995,서울시,용산구,계,271186,-,
1995,서울시,성동구,계,389571,-,
1995,서울시,광진구,계,314084,-,
1995,서울시,동대문구,계,303179,-,
1995,서울시,중랑구,계,293559,-,
1995,서울시,성북구,계,595650,-,
1995,서울시,강북구,계,216527,-,
1995,서울시,도봉구,계,258829,-,
1995,서울시,노원구,계,249464,-,
1995,서울시,은평구,계,322749,-,
1995,서울시,서대문구,계,290008,-,
1995,서울시,마포구,계,381030,-,
1995,서울시,양천구,계,385774,-,
1995,서울시,강서구,계,349772,-,
1995,서울시,구로구,계,260351,-,
1995,서울시,금천구,계,168558,-,
1995,서울시,영등포구,계,373455,-,
1995,서울시,동작구,계,218855,-,
1995,서울시,관악구,계,305388,-,
1995,서울시,서초구,계,336604,-,
1995,서울시,강남구,계,415109,-,
1995,서울시,송파구,계,349337,-,
1995,서울시,강동구,계,273469,-,
1995,서울시,소계,미포장,1122617,-,
1995,서울시,종로구,미포장,5957,-,
1995,서울시,성동구,미포장,46630,-,
1995,서울시,광진구,미포장,23072,-,
1995,서울시,동대문구,미포장,31498,-,
1995,서울시,중랑구,미포장,68242,-,
1995,서울시,성북구,미포장,131801,-,
1995,서울시,강북구,미포장,28607,-,
1995,서울시,도봉구,미포장,35373,-,
1995,서울시,노원구,미포장,75361,-,
1995,서울시,은평구,미포장,75911,-,
1995,서울시,서대문구,미포장,34514,-,
1995,서울시,마포구,미포장,3937,-,
1995,서울시,양천구,미포장,90904,-,
1995,서울시,강서구,미포장,61363,-,
1995,서울시,구로구,미포장,86664,-,
1995,서울시,금천구,미포장,29766,-,
1995,서울시,영등포구,미포장,37808,-,
1995,서울시,동작구,미포장,53287,-,
1995,서울시,관악구,미포장,43001,-,
1995,서울시,서초구,미포장,5140,-,
1995,서울시,강남구,미포장,66974,-,
1995,서울시,송파구,미포장,17117,-,
1995,서울시,강동구,미포장,69690,-,
1995,서울시,소계,포장,6552057,-,
1995,서울시,종로구,포장,247203,-,
1995,서울시,중구,포장,99006,-,
1995,서울시,용산구,포장,271186,-,
1995,서울시,성동구,포장,342941,-,
1995,서울시,광진구,포장,291012,-,
1995,서울시,동대문구,포장,271681,-,
1995,서울시,중랑구,포장,225317,-,
1995,서울시,성북구,포장,463849,-,
1995,서울시,강북구,포장,187920,-,
1995,서울시,도봉구,포장,223456,-,
1995,서울시,노원구,포장,174103,-,
1995,서울시,은평구,포장,246838,-,
1995,서울시,서대문구,포장,255494,-,
1995,서울시,마포구,포장,377093,-,
1995,서울시,양천구,포장,294870,-,
1995,서울시,강서구,포장,288409,-,
1995,서울시,구로구,포장,173687,-,
1995,서울시,금천구,포장,138792,-,
1995,서울시,영등포구,포장,335647,-,
1995,서울시,동작구,포장,165568,-,
1995,서울시,관악구,포장,262387,-,
1995,서울시,서초구,포장,331464,-,
1995,서울시,강남구,포장,348135,-,
1995,서울시,송파구,포장,332220,-,
1995,서울시,강동구,포장,203779,-,
1996,서울시,소계,계,7689163,-,
1996,서울시,종로구,계,254168,-,
1996,서울시,중구,계,100348,-,
1996,서울시,용산구,계,271466,-,
1996,서울시,성동구,계,389991,-,
1996,서울시,광진구,계,315480,-,
1996,서울시,동대문구,계,304951,-,
1996,서울시,중랑구,계,293826,-,
1996,서울시,성북구,계,596488,-,
1996,서울시,강북구,계,210757,-,
1996,서울시,도봉구,계,243869,-,
1996,서울시,노원구,계,258466,-,
1996,서울시,은평구,계,324105,-,
1996,서울시,서대문구,계,290123,-,
1996,서울시,마포구,계,382726,-,
1996,서울시,양천구,계,388594,-,
1996,서울시,강서구,계,353714,-,
1996,서울시,구로구,계,261160,-,
1996,서울시,금천구,계,168558,-,
1996,서울시,영등포구,계,374266,-,
1996,서울시,동작구,계,219281,-,
1996,서울시,관악구,계,306316,-,
1996,서울시,서초구,계,341229,-,
1996,서울시,강남구,계,415409,-,
1996,서울시,송파구,계,349537,-,
1996,서울시,강동구,계,274335,-,
1996,서울시,소계,미포장,975611,-,
1996,서울시,종로구,미포장,5957,-,
1996,서울시,성동구,미포장,46630,-,
1996,서울시,광진구,미포장,23072,-,
1996,서울시,동대문구,미포장,31498,-,
1996,서울시,중랑구,미포장,66952,-,
1996,서울시,성북구,미포장,130219,-,
1996,서울시,강북구,미포장,2115,-,
1996,서울시,도봉구,미포장,2579,-,
1996,서울시,노원구,미포장,75361,-,
1996,서울시,은평구,미포장,75879,-,
1996,서울시,서대문구,미포장,34514,-,
1996,서울시,마포구,미포장,3937,-,
1996,서울시,양천구,미포장,90904,-,
1996,서울시,강서구,미포장,61483,-,
1996,서울시,구로구,미포장,86092,-,
1996,서울시,금천구,미포장,29376,-,
1996,서울시,영등포구,미포장,37808,-,
1996,서울시,동작구,미포장,53230,-,
1996,서울시,관악구,미포장,43001,-,
1996,서울시,서초구,미포장,5140,-,
1996,서울시,강남구,미포장,66174,-,
1996,서울시,송파구,미포장,1830,-,
1996,서울시,강동구,미포장,1860,-,
1996,서울시,소계,포장,6713552,-,
1996,서울시,종로구,포장,248211,-,
1996,서울시,중구,포장,100348,-,
1996,서울시,용산구,포장,271466,-,
1996,서울시,성동구,포장,343361,-,
1996,서울시,광진구,포장,292408,-,
1996,서울시,동대문구,포장,273453,-,
1996,서울시,중랑구,포장,226874,-,
1996,서울시,성북구,포장,466269,-,
1996,서울시,강북구,포장,208642,-,
1996,서울시,도봉구,포장,241290,-,
1996,서울시,노원구,포장,183105,-,
1996,서울시,은평구,포장,248226,-,
1996,서울시,서대문구,포장,255609,-,
1996,서울시,마포구,포장,378789,-,
1996,서울시,양천구,포장,297690,-,
1996,서울시,강서구,포장,292231,-,
1996,서울시,구로구,포장,175068,-,
1996,서울시,금천구,포장,139182,-,
1996,서울시,영등포구,포장,336458,-,
1996,서울시,동작구,포장,166051,-,
1996,서울시,관악구,포장,263315,-,
1996,서울시,서초구,포장,336089,-,
1996,서울시,강남구,포장,349235,-,
1996,서울시,송파구,포장,347707,-,
1996,서울시,강동구,포장,272475,-,
1997,서울시,소계,계,7737101,0,
1997,서울시,종로구,계,256243,0,
1997,서울시,중구,계,101243,0,
1997,서울시,용산구,계,272934,0,
1997,서울시,성동구,계,390736,0,
1997,서울시,광진구,계,316041,0,
1997,서울시,동대문구,계,306185,0,
1997,서울시,중랑구,계,297609,0,
1997,서울시,성북구,계,597989,0,
1997,서울시,강북구,계,212236,0,
1997,서울시,도봉구,계,246153,0,
1997,서울시,노원구,계,262707,0,
1997,서울시,은평구,계,324630,0,
1997,서울시,서대문구,계,292075,0,
1997,서울시,마포구,계,389100,0,
1997,서울시,양천구,계,390173,0,
1997,서울시,강서구,계,355805,0,
1997,서울시,구로구,계,264172,0,
1997,서울시,금천구,계,168801,0,
1997,서울시,영등포구,계,376644,0,
1997,서울시,동작구,계,220625,0,
1997,서울시,관악구,계,307162,0,
1997,서울시,서초구,계,341941,0,
1997,서울시,강남구,계,419585,0,
1997,서울시,송파구,계,351405,0,
1997,서울시,강동구,계,274907,0,
1997,서울시,소계,미포장,970317,0,
1997,서울시,종로구,미포장,5957,0,
1997,서울시,중구,미포장,0,0,
1997,서울시,용산구,미포장,0,0,
1997,서울시,성동구,미포장,46630,0,
1997,서울시,광진구,미포장,23072,0,
1997,서울시,동대문구,미포장,31498,0,
1997,서울시,중랑구,미포장,66952,0,
1997,서울시,성북구,미포장,130159,0,
1997,서울시,강북구,미포장,1835,0,
1997,서울시,도봉구,미포장,2289,0,
1997,서울시,노원구,미포장,75361,0,
1997,서울시,은평구,미포장,75879,0,
1997,서울시,서대문구,미포장,34514,0,
1997,서울시,마포구,미포장,3937,0,
1997,서울시,양천구,미포장,90904,0,
1997,서울시,강서구,미포장,61409,0,
1997,서울시,구로구,미포장,85692,0,
1997,서울시,금천구,미포장,29376,0,
1997,서울시,영등포구,미포장,37538,0,
1997,서울시,동작구,미포장,53230,0,
1997,서울시,관악구,미포장,39166,0,
1997,서울시,서초구,미포장,5140,0,
1997,서울시,강남구,미포장,66089,0,
1997,서울시,송파구,미포장,1830,0,
1997,서울시,강동구,미포장,1860,0,
1997,서울시,소계,포장,6766784,0,
1997,서울시,종로구,포장,250286,0,
1997,서울시,중구,포장,101243,0,
1997,서울시,용산구,포장,272934,0,
1997,서울시,성동구,포장,344106,0,
1997,서울시,광진구,포장,292969,0,
1997,서울시,동대문구,포장,274687,0,
1997,서울시,중랑구,포장,230657,0,
1997,서울시,성북구,포장,467830,0,
1997,서울시,강북구,포장,210401,0,
1997,서울시,도봉구,포장,243864,0,
1997,서울시,노원구,포장,187346,0,
1997,서울시,은평구,포장,248751,0,
1997,서울시,서대문구,포장,257561,0,
1997,서울시,마포구,포장,385163,0,
1997,서울시,양천구,포장,299269,0,
1997,서울시,강서구,포장,294396,0,
1997,서울시,구로구,포장,178480,0,
1997,서울시,금천구,포장,139425,0,
1997,서울시,영등포구,포장,339106,0,
1997,서울시,동작구,포장,167395,0,
1997,서울시,관악구,포장,267996,0,
1997,서울시,서초구,포장,336801,0,
1997,서울시,강남구,포장,353496,0,
1997,서울시,송파구,포장,349575,0,
1997,서울시,강동구,포장,273047,0,
1998,서울시,소계,계,7801225,0,
1998,서울시,종로구,계,260333,0,
1998,서울시,중구,계,102233,0,
1998,서울시,용산구,계,274138,0,
1998,서울시,성동구,계,394661,0,
1998,서울시,광진구,계,316623,0,
1998,서울시,동대문구,계,308735,0,
1998,서울시,중랑구,계,308138,0,
1998,서울시,성북구,계,600903,0,
1998,서울시,강북구,계,214070,0,
1998,서울시,도봉구,계,247193,0,
1998,서울시,노원구,계,273599,0,
1998,서울시,은평구,계,325422,0,
1998,서울시,서대문구,계,294145,0,
1998,서울시,마포구,계,391013,0,
1998,서울시,양천구,계,391073,0,
1998,서울시,강서구,계,357357,0,
1998,서울시,구로구,계,265850,0,
1998,서울시,금천구,계,173741,0,
1998,서울시,영등포구,계,381084,0,
1998,서울시,동작구,계,221125,0,
1998,서울시,관악구,계,307777,0,
1998,서울시,서초구,계,344747,0,
1998,서울시,강남구,계,420240,0,
1998,서울시,송파구,계,351405,0,
1998,서울시,강동구,계,275620,0,
1998,서울시,소계,미포장,970177,0,
1998,서울시,종로구,미포장,5957,0,
1998,서울시,중구,미포장,0,0,
1998,서울시,용산구,미포장,0,0,
1998,서울시,성동구,미포장,46630,0,
1998,서울시,광진구,미포장,23072,0,
1998,서울시,동대문구,미포장,31498,0,
1998,서울시,중랑구,미포장,66952,0,
1998,서울시,성북구,미포장,130159,0,
1998,서울시,강북구,미포장,1835,0,
1998,서울시,도봉구,미포장,2289,0,
1998,서울시,노원구,미포장,75361,0,
1998,서울시,은평구,미포장,75879,0,
1998,서울시,서대문구,미포장,34514,0,
1998,서울시,마포구,미포장,3937,0,
1998,서울시,양천구,미포장,90904,0,
1998,서울시,강서구,미포장,61409,0,
1998,서울시,구로구,미포장,85692,0,
1998,서울시,금천구,미포장,29376,0,
1998,서울시,영등포구,미포장,37538,0,
1998,서울시,동작구,미포장,53230,0,
1998,서울시,관악구,미포장,39166,0,
1998,서울시,서초구,미포장,5140,0,
1998,서울시,강남구,미포장,66089,0,
1998,서울시,송파구,미포장,1690,0,
1998,서울시,강동구,미포장,1860,0,
1998,서울시,소계,포장,6831048,0,
1998,서울시,종로구,포장,254376,0,
1998,서울시,중구,포장,102233,0,
1998,서울시,용산구,포장,274138,0,
1998,서울시,성동구,포장,348031,0,
1998,서울시,광진구,포장,293551,0,
1998,서울시,동대문구,포장,277237,0,
1998,서울시,중랑구,포장,241186,0,
1998,서울시,성북구,포장,470744,0,
1998,서울시,강북구,포장,212235,0,
1998,서울시,도봉구,포장,244904,0,
1998,서울시,노원구,포장,198238,0,
1998,서울시,은평구,포장,249543,0,
1998,서울시,서대문구,포장,259631,0,
1998,서울시,마포구,포장,387076,0,
1998,서울시,양천구,포장,300169,0,
1998,서울시,강서구,포장,295948,0,
1998,서울시,구로구,포장,180158,0,
1998,서울시,금천구,포장,144365,0,
1998,서울시,영등포구,포장,343546,0,
1998,서울시,동작구,포장,167895,0,
1998,서울시,관악구,포장,268611,0,
1998,서울시,서초구,포장,339607,0,
1998,서울시,강남구,포장,354151,0,
1998,서울시,송파구,포장,349715,0,
1998,서울시,강동구,포장,273760,0,
1999,서울시,소계,계,7842567,0,
1999,서울시,종로구,계,265620,0,
1999,서울시,중구,계,107957,0,
1999,서울시,용산구,계,275163,0,
1999,서울시,성동구,계,395595,0,
1999,서울시,광진구,계,316908,0,
1999,서울시,동대문구,계,313139,0,
1999,서울시,중랑구,계,308543,0,
1999,서울시,성북구,계,606487,0,
1999,서울시,강북구,계,214372,0,
1999,서울시,도봉구,계,247571,0,
1999,서울시,노원구,계,274134,0,
1999,서울시,은평구,계,325597,0,
1999,서울시,서대문구,계,297775,0,
1999,서울시,마포구,계,392837,0,
1999,서울시,양천구,계,391073,0,
1999,서울시,강서구,계,359189,0,
1999,서울시,구로구,계,268714,0,
1999,서울시,금천구,계,174638,0,
1999,서울시,영등포구,계,382744,0,
1999,서울시,동작구,계,222299,0,
1999,서울시,관악구,계,308729,0,
1999,서울시,서초구,계,345767,0,
1999,서울시,강남구,계,420240,0,
1999,서울시,송파구,계,351405,0,
1999,서울시,강동구,계,276071,0,
1999,서울시,소계,미포장,966944,0,
1999,서울시,종로구,미포장,5957,0,
1999,서울시,중구,미포장,0,0,
1999,서울시,용산구,미포장,0,0,
1999,서울시,성동구,미포장,46630,0,
1999,서울시,광진구,미포장,23072,0,
1999,서울시,동대문구,미포장,31498,0,
1999,서울시,중랑구,미포장,66952,0,
1999,서울시,성북구,미포장,130032,0,
1999,서울시,강북구,미포장,1835,0,
1999,서울시,도봉구,미포장,2289,0,
1999,서울시,노원구,미포장,72640,0,
1999,서울시,은평구,미포장,75879,0,
1999,서울시,서대문구,미포장,34514,0,
1999,서울시,마포구,미포장,3937,0,
1999,서울시,양천구,미포장,90679,0,
1999,서울시,강서구,미포장,61409,0,
1999,서울시,구로구,미포장,85692,0,
1999,서울시,금천구,미포장,29376,0,
1999,서울시,영등포구,미포장,37538,0,
1999,서울시,동작구,미포장,53230,0,
1999,서울시,관악구,미포장,39006,0,
1999,서울시,서초구,미포장,5140,0,
1999,서울시,강남구,미포장,66089,0,
1999,서울시,송파구,미포장,1690,0,
1999,서울시,강동구,미포장,1860,0,
1999,서울시,소계,포장,6875623,0,
1999,서울시,종로구,포장,259663,0,
1999,서울시,중구,포장,107957,0,
1999,서울시,용산구,포장,275163,0,
1999,서울시,성동구,포장,348965,0,
1999,서울시,광진구,포장,293836,0,
1999,서울시,동대문구,포장,281641,0,
1999,서울시,중랑구,포장,241591,0,
1999,서울시,성북구,포장,476455,0,
1999,서울시,강북구,포장,212537,0,
1999,서울시,도봉구,포장,245282,0,
1999,서울시,노원구,포장,201494,0,
1999,서울시,은평구,포장,249718,0,
1999,서울시,서대문구,포장,263261,0,
1999,서울시,마포구,포장,388900,0,
1999,서울시,양천구,포장,300394,0,
1999,서울시,강서구,포장,297780,0,
1999,서울시,구로구,포장,183022,0,
1999,서울시,금천구,포장,145262,0,
1999,서울시,영등포구,포장,345206,0,
1999,서울시,동작구,포장,169069,0,
1999,서울시,관악구,포장,269723,0,
1999,서울시,서초구,포장,340627,0,
1999,서울시,강남구,포장,354151,0,
1999,서울시,송파구,포장,349715,0,
1999,서울시,강동구,포장,274211,0,
2000,서울시,소계,계,7888764,78689143,
2000,서울시,종로구,계,269380,2620731,
2000,서울시,중구,계,109596,1827849,
2000,서울시,용산구,계,276645,3093867,
2000,서울시,성동구,계,397750,2879522,
2000,서울시,광진구,계,318724,3216381,
2000,서울시,동대문구,계,316865,2972024,
2000,서울시,중랑구,계,311914,2531626,
2000,서울시,성북구,계,607805,3669809,
2000,서울시,강북구,계,216270,1833920,
2000,서울시,도봉구,계,248440,2232536,
2000,서울시,노원구,계,280052,3447991,
2000,서울시,은평구,계,326547,2935510,
2000,서울시,서대문구,계,299464,2596509,
2000,서울시,마포구,계,395020,3473497,
2000,서울시,양천구,계,392086,3382963,
2000,서울시,강서구,계,362071,4150973,
2000,서울시,구로구,계,270676,2742837,
2000,서울시,금천구,계,177302,1904865,
2000,서울시,영등포구,계,383629,4342492,
2000,서울시,동작구,계,222427,2487051,
2000,서울시,관악구,계,311524,2635117,
2000,서울시,서초구,계,345767,4903896,
2000,서울시,강남구,계,420387,5410880,
2000,서울시,송파구,계,351535,4419256,
2000,서울시,강동구,계,276888,2977041,
2000,서울시,소계,미포장,839830,3735961,
2000,서울시,종로구,미포장,5957,24212,
2000,서울시,중구,미포장,0,0,
2000,서울시,용산구,미포장,0,0,
2000,서울시,성동구,미포장,46630,221191,
2000,서울시,광진구,미포장,23072,95523,
2000,서울시,동대문구,미포장,31498,188075,
2000,서울시,중랑구,미포장,66952,318470,
2000,서울시,성북구,미포장,130032,125012,
2000,서울시,강북구,미포장,1835,6758,
2000,서울시,도봉구,미포장,2289,20918,
2000,서울시,노원구,미포장,72640,204924,
2000,서울시,은평구,미포장,75879,361536,
2000,서울시,서대문구,미포장,34514,171392,
2000,서울시,마포구,미포장,3937,31500,
2000,서울시,양천구,미포장,29929,267700,
2000,서울시,강서구,미포장,61409,481395,
2000,서울시,구로구,미포장,85692,276808,
2000,서울시,금천구,미포장,29376,126691,
2000,서울시,영등포구,미포장,37538,272048,
2000,서울시,동작구,미포장,53230,249550,
2000,서울시,관악구,미포장,39006,239932,
2000,서울시,서초구,미포장,4570,27656,
2000,서울시,강남구,미포장,295,4040,
2000,서울시,송파구,미포장,1690,10670,
2000,서울시,강동구,미포장,1860,9960,
2000,서울시,소계,포장,7048934,74953182,
2000,서울시,종로구,포장,263423,2596519,
2000,서울시,중구,포장,109596,1827849,
2000,서울시,용산구,포장,276645,3093867,
2000,서울시,성동구,포장,351120,2658331,
2000,서울시,광진구,포장,295652,3120858,
2000,서울시,동대문구,포장,285367,2783949,
2000,서울시,중랑구,포장,244962,2213156,
2000,서울시,성북구,포장,477773,3544797,
2000,서울시,강북구,포장,214435,1827162,
2000,서울시,도봉구,포장,246151,2211618,
2000,서울시,노원구,포장,207412,3243067,
2000,서울시,은평구,포장,250668,2573974,
2000,서울시,서대문구,포장,264950,2425117,
2000,서울시,마포구,포장,391083,3441997,
2000,서울시,양천구,포장,362157,3115263,
2000,서울시,강서구,포장,300662,3669578,
2000,서울시,구로구,포장,184984,2466029,
2000,서울시,금천구,포장,147926,1778174,
2000,서울시,영등포구,포장,346091,4070444,
2000,서울시,동작구,포장,169197,2237501,
2000,서울시,관악구,포장,272518,2395185,
2000,서울시,서초구,포장,341197,4876240,
2000,서울시,강남구,포장,420092,5406840,
2000,서울시,송파구,포장,349845,4408586,
2000,서울시,강동구,포장,275028,2967081,
2001,서울시,소계,계,7935089,79359332,
2001,서울시,종로구,계,270580,2632086,
2001,서울시,중구,계,110669,1834357,
2001,서울시,용산구,계,277692,3101955,
2001,서울시,성동구,계,400776,2906955,
2001,서울시,광진구,계,321510,3259591,
2001,서울시,동대문구,계,318842,2992118,
2001,서울시,중랑구,계,312959,2541944,
2001,서울시,성북구,계,611304,3717556,
2001,서울시,강북구,계,217527,1852266,
2001,서울시,도봉구,계,250156,2257460,
2001,서울시,노원구,계,282557,3472517,
2001,서울시,은평구,계,326547,2937260,
2001,서울시,서대문구,계,300288,2602517,
2001,서울시,마포구,계,397360,3517185,
2001,서울시,양천구,계,396631,3457744,
2001,서울시,강서구,계,365899,4212019,
2001,서울시,구로구,계,273909,2787669,
2001,서울시,금천구,계,177652,1912585,
2001,서울시,영등포구,계,385559,4355892,
2001,서울시,동작구,계,224443,2508691,
2001,서울시,관악구,계,314918,2672970,
2001,서울시,서초구,계,345957,4904656,
2001,서울시,강남구,계,422189,5443381,
2001,서울시,송파구,계,351535,4419256,
2001,서울시,강동구,계,277630,3058702,
2001,서울시,소계,미포장,12159,51771,
2001,서울시,종로구,미포장,0,0,
2001,서울시,중구,미포장,0,0,
2001,서울시,용산구,미포장,0,0,
2001,서울시,성동구,미포장,0,0,
2001,서울시,광진구,미포장,0,0,
2001,서울시,동대문구,미포장,0,0,
2001,서울시,중랑구,미포장,0,0,
2001,서울시,성북구,미포장,0,0,
2001,서울시,강북구,미포장,562,2458,
2001,서울시,도봉구,미포장,0,0,
2001,서울시,노원구,미포장,230,1840,
2001,서울시,은평구,미포장,5247,22463,
2001,서울시,서대문구,미포장,0,0,
2001,서울시,마포구,미포장,0,0,
2001,서울시,양천구,미포장,0,0,
2001,서울시,강서구,미포장,6120,25010,
2001,서울시,구로구,미포장,0,0,
2001,서울시,금천구,미포장,0,0,
2001,서울시,영등포구,미포장,0,0,
2001,서울시,동작구,미포장,0,0,
2001,서울시,관악구,미포장,0,0,
2001,서울시,서초구,미포장,0,0,
2001,서울시,강남구,미포장,0,0,
2001,서울시,송파구,미포장,0,0,
2001,서울시,강동구,미포장,0,0,
2001,서울시,소계,포장,7922930,79307561,
2001,서울시,종로구,포장,270580,2632086,
2001,서울시,중구,포장,110669,1834357,
2001,서울시,용산구,포장,277692,3101955,
2001,서울시,성동구,포장,400776,2906955,
2001,서울시,광진구,포장,321510,3259591,
2001,서울시,동대문구,포장,318842,2992118,
2001,서울시,중랑구,포장,312959,2541944,
2001,서울시,성북구,포장,611304,3717556,
2001,서울시,강북구,포장,216965,1849808,
2001,서울시,도봉구,포장,250156,2257460,
2001,서울시,노원구,포장,282327,3470677,
2001,서울시,은평구,포장,321300,2914797,
2001,서울시,서대문구,포장,300288,2602517,
2001,서울시,마포구,포장,397360,3517185,
2001,서울시,양천구,포장,396631,3457744,
2001,서울시,강서구,포장,359779,4187009,
2001,서울시,구로구,포장,273909,2787669,
2001,서울시,금천구,포장,177652,1912585,
2001,서울시,영등포구,포장,385559,4355892,
2001,서울시,동작구,포장,224443,2508691,
2001,서울시,관악구,포장,314918,2672970,
2001,서울시,서초구,포장,345957,4904656,
2001,서울시,강남구,포장,422189,5443381,
2001,서울시,송파구,포장,351535,4419256,
2001,서울시,강동구,포장,277630,3058702,
2002,서울시,소계,계,7972801,80066166,
2002,서울시,종로구,계,271516,2637815,
2002,서울시,중구,계,111353,1839197,
2002,서울시,용산구,계,278271,3107115,
2002,서울시,성동구,계,401051,2909737,
2002,서울시,광진구,계,321640,3260669,
2002,서울시,동대문구,계,319537,2997985,
2002,서울시,중랑구,계,314777,2566450,
2002,서울시,성북구,계,615402,3789048,
2002,서울시,강북구,계,219009,1863264,
2002,서울시,도봉구,계,252117,2276561,
2002,서울시,노원구,계,285786,3526836,
2002,서울시,은평구,계,327669,2948046,
2002,서울시,서대문구,계,301271,2614499,
2002,서울시,마포구,계,410480,3842767,
2002,서울시,양천구,계,396736,3458874,
2002,서울시,강서구,계,367400,4243257,
2002,서울시,구로구,계,275560,2799778,
2002,서울시,금천구,계,177652,1916385,
2002,서울시,영등포구,계,385899,4362642,
2002,서울시,동작구,계,226141,2517859,
2002,서울시,관악구,계,315006,2674324,
2002,서울시,서초구,계,345957,4904656,
2002,서울시,강남구,계,422189,5443381,
2002,서울시,송파구,계,351897,4490345,
2002,서울시,강동구,계,278485,3074676,
2002,서울시,소계,미포장,12019,51211,
2002,서울시,종로구,미포장,0,0,
2002,서울시,중구,미포장,0,0,
2002,서울시,용산구,미포장,0,0,
2002,서울시,성동구,미포장,0,0,
2002,서울시,광진구,미포장,0,0,
2002,서울시,동대문구,미포장,0,0,
2002,서울시,중랑구,미포장,0,0,
2002,서울시,성북구,미포장,0,0,
2002,서울시,강북구,미포장,562,2458,
2002,서울시,도봉구,미포장,0,0,
2002,서울시,노원구,미포장,230,1840,
2002,서울시,은평구,미포장,5107,21903,
2002,서울시,서대문구,미포장,0,0,
2002,서울시,마포구,미포장,0,0,
2002,서울시,양천구,미포장,0,0,
2002,서울시,강서구,미포장,6120,25010,
2002,서울시,구로구,미포장,0,0,
2002,서울시,금천구,미포장,0,0,
2002,서울시,영등포구,미포장,0,0,
2002,서울시,동작구,미포장,0,0,
2002,서울시,관악구,미포장,0,0,
2002,서울시,서초구,미포장,0,0,
2002,서울시,강남구,미포장,0,0,
2002,서울시,송파구,미포장,0,0,
2002,서울시,강동구,미포장,0,0,
2002,서울시,소계,포장,7960782,80014955,
2002,서울시,종로구,포장,271516,2637815,
2002,서울시,중구,포장,111353,1839197,
2002,서울시,용산구,포장,278271,3107115,
2002,서울시,성동구,포장,401051,2909737,
2002,서울시,광진구,포장,321640,3260669,
2002,서울시,동대문구,포장,319537,2997985,
2002,서울시,중랑구,포장,314777,2566450,
2002,서울시,성북구,포장,615402,3789048,
2002,서울시,강북구,포장,218447,1860806,
2002,서울시,도봉구,포장,252117,2276561,
2002,서울시,노원구,포장,285556,3524996,
2002,서울시,은평구,포장,322562,2926143,
2002,서울시,서대문구,포장,301271,2614499,
2002,서울시,마포구,포장,410480,3842767,
2002,서울시,양천구,포장,396736,3458874,
2002,서울시,강서구,포장,361280,4218247,
2002,서울시,구로구,포장,275560,2799778,
2002,서울시,금천구,포장,177652,1916385,
2002,서울시,영등포구,포장,385899,4362642,
2002,서울시,동작구,포장,226141,2517859,
2002,서울시,관악구,포장,315006,2674324,
2002,서울시,서초구,포장,345957,4904656,
2002,서울시,강남구,포장,422189,5443381,
2002,서울시,송파구,포장,351897,4490345,
2002,서울시,강동구,포장,278485,3074676,
2003,서울시,소계,계,7988060,80387948,
2003,서울시,종로구,계,271516,2637815,
2003,서울시,중구,계,112357,1853643,
2003,서울시,용산구,계,278271,3108683,
2003,서울시,성동구,계,402167,2917017,
2003,서울시,광진구,계,323200,3369485,
2003,서울시,동대문구,계,320749,3009911,
2003,서울시,중랑구,계,316898,2591808,
2003,서울시,성북구,계,615402,3789048,
2003,서울시,강북구,계,219687,1871252,
2003,서울시,도봉구,계,254576,2306913,
2003,서울시,노원구,계,285786,3528965,
2003,서울시,은평구,계,326862,2945578,
2003,서울시,서대문구,계,302346,2621749,
2003,서울시,마포구,계,410480,3852541,
2003,서울시,양천구,계,396736,3458974,
2003,서울시,강서구,계,368066,4254317,
2003,서울시,구로구,계,279177,2842206,
2003,서울시,금천구,계,177682,1918481,
2003,서울시,영등포구,계,385899,4362642,
2003,서울시,동작구,계,228575,2538716,
2003,서울시,관악구,계,312415,2686274,
2003,서울시,서초구,계,346099,4905508,
2003,서울시,강남구,계,422189,5446181,
2003,서울시,송파구,계,351897,4490431,
2003,서울시,강동구,계,279028,3079810,
2003,서울시,소계,미포장,10939,46891,
2003,서울시,종로구,미포장,0,0,
2003,서울시,중구,미포장,0,0,
2003,서울시,용산구,미포장,0,0,
2003,서울시,성동구,미포장,0,0,
2003,서울시,광진구,미포장,0,0,
2003,서울시,동대문구,미포장,0,0,
2003,서울시,중랑구,미포장,0,0,
2003,서울시,성북구,미포장,0,0,
2003,서울시,강북구,미포장,562,2458,
2003,서울시,도봉구,미포장,0,0,
2003,서울시,노원구,미포장,230,1840,
2003,서울시,은평구,미포장,4737,20423,
2003,서울시,서대문구,미포장,0,0,
2003,서울시,마포구,미포장,0,0,
2003,서울시,양천구,미포장,0,0,
2003,서울시,강서구,미포장,5410,22170,
2003,서울시,구로구,미포장,0,0,
2003,서울시,금천구,미포장,0,0,
2003,서울시,영등포구,미포장,0,0,
2003,서울시,동작구,미포장,0,0,
2003,서울시,관악구,미포장,0,0,
2003,서울시,서초구,미포장,0,0,
2003,서울시,강남구,미포장,0,0,
2003,서울시,송파구,미포장,0,0,
2003,서울시,강동구,미포장,0,0,
2003,서울시,소계,포장,7977121,80341057,
2003,서울시,종로구,포장,271516,2637815,
2003,서울시,중구,포장,112357,1853643,
2003,서울시,용산구,포장,278271,3108683,
2003,서울시,성동구,포장,402167,2917017,
2003,서울시,광진구,포장,323200,3369485,
2003,서울시,동대문구,포장,320749,3009911,
2003,서울시,중랑구,포장,316898,2591808,
2003,서울시,성북구,포장,615402,3789048,
2003,서울시,강북구,포장,219125,1868794,
2003,서울시,도봉구,포장,254576,2306913,
2003,서울시,노원구,포장,285556,3527125,
2003,서울시,은평구,포장,322125,2925155,
2003,서울시,서대문구,포장,302346,2621749,
2003,서울시,마포구,포장,410480,3852541,
2003,서울시,양천구,포장,396736,3458974,
2003,서울시,강서구,포장,362656,4232147,
2003,서울시,구로구,포장,279177,2842206,
2003,서울시,금천구,포장,177682,1918481,
2003,서울시,영등포구,포장,385899,4362642,
2003,서울시,동작구,포장,228575,2538716,
2003,서울시,관악구,포장,312415,2686274,
2003,서울시,서초구,포장,346099,4905508,
2003,서울시,강남구,포장,422189,5446181,
2003,서울시,송파구,포장,351897,4490431,
2003,서울시,강동구,포장,279028,3079810,
2004,서울시,소계,계,8010671,80637057,
2004,서울시,종로구,계,272286,2644263,20.99
2004,서울시,중구,계,114123,1864119,18.7
2004,서울시,용산구,계,278501,3115303,21.91
2004,서울시,성동구,계,402326,2923491,22.32
2004,서울시,광진구,계,323200,3369959,28.27
2004,서울시,동대문구,계,321562,3014523,21.2
2004,서울시,중랑구,계,319416,2631448,23.92
2004,서울시,성북구,계,616612,3797608,21.2
2004,서울시,강북구,계,220612,1880102,19.83
2004,서울시,도봉구,계,254576,2306913,18.63
2004,서울시,노원구,계,286966,3537409,22.65
2004,서울시,은평구,계,327282,2947978,18.51
2004,서울시,서대문구,계,304985,2636848,16.57
2004,서울시,마포구,계,410906,3859816,26.84
2004,서울시,양천구,계,397066,3467224,26.13
2004,서울시,강서구,계,368699,4260013,23.13
2004,서울시,구로구,계,281105,2870904,19.62
2004,서울시,금천구,계,178402,1924770,18.19
2004,서울시,영등포구,계,386318,4366387,23.13
2004,서울시,동작구,계,231056,2563862,16.09
2004,서울시,관악구,계,314252,2720414,22.82
2004,서울시,서초구,계,347135,4913796,23.27
2004,서울시,강남구,계,422189,5446181,22.58
2004,서울시,송파구,계,351908,4490820,19.41
2004,서울시,강동구,계,279188,3080990,22.18
2004,서울시,소계,미포장,10497,47634,
2004,서울시,강북구,미포장,562,2458,
2004,서울시,노원구,미포장,230,1840,
2004,서울시,은평구,미포장,4640,20035,
2004,서울시,강서구,미포장,4985,20425,
2004,서울시,구로구,미포장,80,960,
2004,서울시,금천구,미포장,0,0,
2004,서울시,소계,포장,8000174,80589423,
2004,서울시,종로구,포장,272286,2644263,
2004,서울시,중구,포장,114123,1864119,
2004,서울시,용산구,포장,278501,3115303,
2004,서울시,성동구,포장,402326,2923491,
2004,서울시,광진구,포장,323200,3369959,
2004,서울시,동대문구,포장,321562,3014523,
2004,서울시,중랑구,포장,319416,2631448,
2004,서울시,성북구,포장,616612,3797608,
2004,서울시,강북구,포장,220050,1877644,
2004,서울시,도봉구,포장,254576,2306913,
2004,서울시,노원구,포장,286736,3535569,
2004,서울시,은평구,포장,322642,2927943,
2004,서울시,서대문구,포장,304985,2636848,
2004,서울시,마포구,포장,410906,3859816,
2004,서울시,양천구,포장,397066,3467224,
2004,서울시,강서구,포장,363714,4239588,
2004,서울시,구로구,포장,281025,2869944,
2004,서울시,금천구,포장,178402,1924770,
2004,서울시,영등포구,포장,386318,4366387,
2004,서울시,동작구,포장,231056,2563862,
2004,서울시,관악구,포장,314252,2720414,
2004,서울시,서초구,포장,347135,4913796,
2004,서울시,강남구,포장,422189,5446181,
2004,서울시,송파구,포장,351908,4490820,
2004,서울시,강동구,포장,279188,3080990,
2005,서울시,소계,계,8045932,81216932,
2005,서울시,종로구,계,273075,2648851,21.02
2005,서울시,중구,계,114280,1869901,18.76
2005,서울시,용산구,계,278685,3116407,21.92
2005,서울시,성동구,계,406397,2977595,22.73
2005,서울시,광진구,계,323500,3373019,28.3
2005,서울시,동대문구,계,323045,3028725,21.3
2005,서울시,중랑구,계,320349,2639426,23.99
2005,서울시,성북구,계,621798,3881832,21.67
2005,서울시,강북구,계,223863,1921254,20.27
2005,서울시,도봉구,계,255406,2318207,18.73
2005,서울시,노원구,계,287268,3540133,22.66
2005,서울시,은평구,계,330020,3025261,18.99
2005,서울시,서대문구,계,306189,2646423,16.63
2005,서울시,마포구,계,417798,4015527,27.92
2005,서울시,양천구,계,397379,3477312,26.2
2005,서울시,강서구,계,369509,4273333,23.2
2005,서울시,구로구,계,282778,2899105,19.82
2005,서울시,금천구,계,178582,1927890,18.22
2005,서울시,영등포구,계,386318,4373147,23.16
2005,서울시,동작구,계,234586,2602904,16.34
2005,서울시,관악구,계,314563,2722062,22.84
2005,서울시,서초구,계,347135,4916348,23.28
2005,서울시,강남구,계,422189,5446181,22.58
2005,서울시,송파구,계,351908,4490820,19.41
2005,서울시,강동구,계,279312,3083354,22.2
2005,서울시,소계,미포장,10637,48474,
2005,서울시,성북구,미포장,140,840,
2005,서울시,강북구,미포장,562,2458,
2005,서울시,노원구,미포장,230,1840,
2005,서울시,은평구,미포장,4640,20035,
2005,서울시,강서구,미포장,4985,20425,
2005,서울시,구로구,미포장,80,960,
2005,서울시,금천구,미포장,0,0,
2005,서울시,소계,포장,8035295,81168458,
2005,서울시,종로구,포장,273075,2648851,
2005,서울시,중구,포장,114280,1869901,
2005,서울시,용산구,포장,278685,3116407,
2005,서울시,성동구,포장,406397,2977595,
2005,서울시,광진구,포장,323500,3373019,
2005,서울시,동대문구,포장,323045,3028725,
2005,서울시,중랑구,포장,320349,2639426,
2005,서울시,성북구,포장,621658,3880992,
2005,서울시,강북구,포장,223301,1918796,
2005,서울시,도봉구,포장,255406,2318207,
2005,서울시,노원구,포장,287038,3538293,
2005,서울시,은평구,포장,325380,3005226,
2005,서울시,서대문구,포장,306189,2646423,
2005,서울시,마포구,포장,417798,4015527,
2005,서울시,양천구,포장,397379,3477312,
2005,서울시,강서구,포장,364524,4252908,
2005,서울시,구로구,포장,282698,2898145,
2005,서울시,금천구,포장,178582,1927890,
2005,서울시,영등포구,포장,386318,4373147,
2005,서울시,동작구,포장,234586,2602904,
2005,서울시,관악구,포장,314563,2722062,
2005,서울시,서초구,포장,347135,4916348,
2005,서울시,강남구,포장,422189,5446181,
2005,서울시,송파구,포장,351908,4490820,
2005,서울시,강동구,포장,279312,3083354,
2006,서울시,소계,계,8067201,81565711,
2006,서울시,종로구,계,273185,2652151,21.05
2006,서울시,중구,계,114280,1874893,18.81
2006,서울시,용산구,계,278725,3118944,21.93
2006,서울시,성동구,계,406887,2985665,22.79
2006,서울시,광진구,계,323660,3383169,28.38
2006,서울시,동대문구,계,323327,3031805,21.32
2006,서울시,중랑구,계,322317,2668834,24.26
2006,서울시,성북구,계,622998,3914226,21.85
2006,서울시,강북구,계,226969,1948922,20.56
2006,서울시,도봉구,계,255406,2319497,18.74
2006,서울시,노원구,계,291128,3683204,23.58
2006,서울시,은평구,계,330566,3030373,19.02
2006,서울시,서대문구,계,308028,2659239,16.71
2006,서울시,마포구,계,418296,4018179,27.94
2006,서울시,양천구,계,398058,3486117,26.27
2006,서울시,강서구,계,370268,4278987,23.23
2006,서울시,구로구,계,283979,2910003,19.89
2006,서울시,금천구,계,178682,1913773,18.07
2006,서울시,영등포구,계,386344,4373459,23.16
2006,서울시,동작구,계,236652,2621199,16.45
2006,서울시,관악구,계,315721,2746921,23.04
2006,서울시,서초구,계,347135,4917988,23.29
2006,서울시,강남구,계,422189,5446181,22.58
2006,서울시,송파구,계,351908,4490820,19.41
2006,서울시,강동구,계,280493,3091162,22.25
2006,서울시,소계,미포장,1995,8130,
2006,서울시,은평구,미포장,50,200,
2006,서울시,강서구,미포장,1945,7930,
2006,서울시,소계,포장,8065206,81557581,
2006,서울시,종로구,포장,273185,2652151,
2006,서울시,중구,포장,114280,1874893,
2006,서울시,용산구,포장,278725,3118944,
2006,서울시,성동구,포장,406887,2985665,
2006,서울시,광진구,포장,323660,3383169,
2006,서울시,동대문구,포장,323327,3031805,
2006,서울시,중랑구,포장,322317,2668834,
2006,서울시,성북구,포장,622998,3914226,
2006,서울시,강북구,포장,226969,1948922,
2006,서울시,도봉구,포장,255406,2319497,
2006,서울시,노원구,포장,291128,3683204,
2006,서울시,은평구,포장,330516,3030173,
2006,서울시,서대문구,포장,308028,2659239,
2006,서울시,마포구,포장,418296,4018179,
2006,서울시,양천구,포장,398058,3486117,
2006,서울시,강서구,포장,368323,4271057,
2006,서울시,구로구,포장,283979,2910003,
2006,서울시,금천구,포장,178682,1913773,
2006,서울시,영등포구,포장,386344,4373459,
2006,서울시,동작구,포장,236652,2621199,
2006,서울시,관악구,포장,315721,2746921,
2006,서울시,서초구,포장,347135,4917988,
2006,서울시,강남구,포장,422189,5446181,
2006,서울시,송파구,포장,351908,4490820,
2006,서울시,강동구,포장,280493,3091162,
2007,서울시,소계,계,8078293,81752016,
2007,서울시,종로구,계,274285,2664432,21.1
2007,서울시,중구,계,114280,1875776,18.8
2007,서울시,용산구,계,279175,3126264,22
2007,서울시,성동구,계,407932,3000825,22.9
2007,서울시,광진구,계,323660,3384769,28.4
2007,서울시,동대문구,계,323647,3038855,21.4
2007,서울시,중랑구,계,322760,2672172,24.3
2007,서울시,성북구,계,623130,3930771,21.9
2007,서울시,강북구,계,227535,1954186,20.6
2007,서울시,도봉구,계,255406,2319756,18.7
2007,서울시,노원구,계,291192,3683844,23.6
2007,서울시,은평구,계,330566,3032065,19
2007,서울시,서대문구,계,308213,2661249,16.7
2007,서울시,마포구,계,418296,4018179,27.9
2007,서울시,양천구,계,398058,3488852,26.3
2007,서울시,강서구,계,370730,4282683,23.2
2007,서울시,구로구,계,285908,2970270,20.3
2007,서울시,금천구,계,178682,1913773,18.1
2007,서울시,영등포구,계,386344,4374579,23.2
2007,서울시,동작구,계,238648,2639116,16.6
2007,서울시,관악구,계,316103,2754849,23.1
2007,서울시,서초구,계,347135,4917988,23.3
2007,서울시,강남구,계,422699,5456381,22.6
2007,서울시,송파구,계,352108,4491470,19.4
2007,서울시,강동구,계,281801,3098912,22.3
2007,서울시,소계,미포장,1290,7820,
2007,서울시,소계,포장,8077003,81744196,
2007,서울시,종로구,포장,274285,2664432,
2007,서울시,중구,포장,114280,1875776,
2007,서울시,용산구,포장,279175,3126264,
2007,서울시,성동구,포장,407932,3000825,
2007,서울시,광진구,포장,323660,3384769,
2007,서울시,동대문구,포장,324452,3038855,
2007,서울시,중랑구,포장,322760,2672172,
2007,서울시,성북구,포장,623130,3930771,
2007,서울시,강북구,포장,227535,1954746,
2007,서울시,도봉구,포장,255406,2319756,
2007,서울시,노원구,포장,291192,3683844,
2007,서울시,은평구,포장,330516,3031865,
2007,서울시,서대문구,포장,308213,2661249,
2007,서울시,마포구,포장,418296,4018179,
2007,서울시,양천구,포장,398058,3488872,
2007,서울시,강서구,포장,368785,4274753,
2007,서울시,구로구,포장,285908,2970270,
2007,서울시,금천구,포장,178682,1913773,
2007,서울시,영등포구,포장,386344,4374579,
2007,서울시,동작구,포장,238648,2639116,
2007,서울시,관악구,포장,316103,2754579,
2007,서울시,서초구,포장,347135,4917988,
2007,서울시,강남구,포장,422699,5456381,
2007,서울시,송파구,포장,352008,4491470,
2007,서울시,강동구,포장,281801,3098912,
2008,서울시,소계,계,8092960,82023171,
2008,서울시,종로구,계,274291,2665754,21.16
2008,서울시,중구,계,114280,1875776,18.81
2008,서울시,용산구,계,279175,3127384,21.99
2008,서울시,성동구,계,407932,3009286,22.97
2008,서울시,광진구,계,323702,3386468,28.41
2008,서울시,동대문구,계,324119,3044679,21.41
2008,서울시,중랑구,계,323200,2675692,24.32
2008,서울시,성북구,계,624110,3965566,22.14
2008,서울시,강북구,계,227658,1958690,20.66
2008,서울시,도봉구,계,255406,2321676,18.75
2008,서울시,노원구,계,291348,3685404,23.59
2008,서울시,은평구,계,330780,3036186,19.06
2008,서울시,서대문구,계,308621,2665800,16.76
2008,서울시,마포구,계,418899,4022461,27.97
2008,서울시,양천구,계,398307,3489200,26.29
2008,서울시,강서구,계,377107,4419296,23.99
2008,서울시,구로구,계,286536,2978264,20.36
2008,서울시,금천구,계,179042,1923477,18.16
2008,서울시,영등포구,계,386359,4374579,23.17
2008,서울시,동작구,계,241430,2659777,16.7
2008,서울시,관악구,계,316103,2754849,23.11
2008,서울시,서초구,계,347135,4917988,23.29
2008,서울시,강남구,계,422699,5462561,22.65
2008,서울시,송파구,계,352108,4491470,19.41
2008,서울시,강동구,계,282613,3110888,22.4
2008,서울시,소계,포장,8092960,82023171,
2008,서울시,종로구,포장,274291,2665754,
2008,서울시,중구,포장,114280,1875776,
2008,서울시,용산구,포장,279175,3127384,
2008,서울시,성동구,포장,407932,3009286,
2008,서울시,광진구,포장,323702,3386468,
2008,서울시,동대문구,포장,324119,3044679,
2008,서울시,중랑구,포장,323200,2675692,
2008,서울시,성북구,포장,624110,3965566,
2008,서울시,강북구,포장,227658,1958690,
2008,서울시,도봉구,포장,255406,2321676,
2008,서울시,노원구,포장,291348,3685404,
2008,서울시,은평구,포장,330780,3036186,
2008,서울시,서대문구,포장,308621,2665800,
2008,서울시,마포구,포장,418899,4022461,
2008,서울시,양천구,포장,398307,3489200,
2008,서울시,강서구,포장,377107,4419296,
2008,서울시,구로구,포장,286536,2978264,
2008,서울시,금천구,포장,179042,1923477,
2008,서울시,영등포구,포장,386359,4374579,
2008,서울시,동작구,포장,241430,2659777,
2008,서울시,관악구,포장,316103,2754849,
2008,서울시,서초구,포장,347135,4917988,
2008,서울시,강남구,포장,422699,5462561,
2008,서울시,송파구,포장,352108,4491470,
2008,서울시,강동구,포장,282613,3110888,
2009,서울시,소계,계,8101593,83150027,
2009,서울시,종로구,계,274291,2665754,21.16
2009,서울시,중구,계,114428,1876604,18.82
2009,서울시,용산구,계,279225,3128309,22
2009,서울시,성동구,계,407932,3010966,22.98
2009,서울시,광진구,계,323702,3386468,28.41
2009,서울시,동대문구,계,324211,3050545,21.45
2009,서울시,중랑구,계,323340,2687092,24.43
2009,서울시,성북구,계,625026,3984657,22.25
2009,서울시,강북구,계,228637,1964946,20.73
2009,서울시,도봉구,계,255646,2323577,18.77
2009,서울시,노원구,계,291348,3685404,23.59
2009,서울시,은평구,계,331323,3042052,19.1
2009,서울시,서대문구,계,308695,2668016,16.77
2009,서울시,마포구,계,418899,4026882,28
2009,서울시,양천구,계,398307,3489646,26.3
2009,서울시,강서구,계,377616,4422114,24.01
2009,서울시,구로구,계,286711,2985154,20.4
2009,서울시,금천구,계,179042,1923477,18.16
2009,서울시,영등포구,계,387179,4401256,23.31
2009,서울시,동작구,계,242155,2664367,16.73
2009,서울시,관악구,계,316103,2754849,23.11
2009,서울시,서초구,계,347135,4917988,23.29
2009,서울시,강남구,계,422849,5489761,22.76
2009,서울시,송파구,계,354898,4559090,19.7
2009,서울시,강동구,계,282895,3141143,22.61
2009,서울시,소계,포장,8101593,83150027,
2009,서울시,종로구,포장,274291,2665754,
2009,서울시,중구,포장,114428,1876604,
2009,서울시,용산구,포장,279225,3128309,
2009,서울시,성동구,포장,407932,3010966,
2009,서울시,광진구,포장,323702,3386468,
2009,서울시,동대문구,포장,324211,3050545,
2009,서울시,중랑구,포장,323340,2687092,
2009,서울시,성북구,포장,625026,3984657,
2009,서울시,강북구,포장,228637,1964946,
2009,서울시,도봉구,포장,255646,2323577,
2009,서울시,노원구,포장,291348,3685404,
2009,서울시,은평구,포장,331323,3042052,
2009,서울시,서대문구,포장,308695,2668016,
2009,서울시,마포구,포장,418899,4026882,
2009,서울시,양천구,포장,398307,3489646,
2009,서울시,강서구,포장,377616,4422114,
2009,서울시,구로구,포장,286711,2985154,
2009,서울시,금천구,포장,179042,1923477,
2009,서울시,영등포구,포장,387179,4401256,
2009,서울시,동작구,포장,242155,2664367,
2009,서울시,관악구,포장,316103,2754849,
2009,서울시,서초구,포장,347135,4917988,
2009,서울시,강남구,포장,422849,5489761,
2009,서울시,송파구,포장,354898,4559090,
2009,서울시,강동구,포장,282895,3141143,
2010,서울시,소계,계,8142122,82474728,
2010,서울시,종로구,계,274291,2666609,21.16
2010,서울시,중구,계,114428,1876704,18.82
2010,서울시,용산구,계,279874,3133212,22.03
2010,서울시,성동구,계,407932,3010966,22.98
2010,서울시,광진구,계,323742,3390146,28.44
2010,서울시,동대문구,계,324496,3056499,21.49
2010,서울시,중랑구,계,323410,2689742,24.45
2010,서울시,성북구,계,626654,4003341,22.35
2010,서울시,강북구,계,226349,1959541,20.67
2010,서울시,도봉구,계,255646,2324992,18.78
2010,서울시,노원구,계,291393,3685646,23.6
2010,서울시,은평구,계,332043,3053724,19.17
2010,서울시,서대문구,계,308695,2668016,16.77
2010,서울시,마포구,계,418899,4026882,28
2010,서울시,양천구,계,398357,3490746,26.31
2010,서울시,강서구,계,377616,4422114,24.01
2010,서울시,구로구,계,287021,2994380,20.47
2010,서울시,금천구,계,179902,1937259,18.29
2010,서울시,영등포구,계,387502,4404364,23.33
2010,서울시,동작구,계,242985,2671396,16.77
2010,서울시,관악구,계,316103,2754849,23.11
2010,서울시,서초구,계,377425,4960778,23.49
2010,서울시,강남구,계,423124,5498011,22.79
2010,서울시,송파구,계,361340,4653668,20.11
2010,서울시,강동구,계,282895,3141143,22.61
2010,서울시,소계,포장,8142122,82474728,
2010,서울시,종로구,포장,274291,2666609,
2010,서울시,중구,포장,114428,1876704,
2010,서울시,용산구,포장,279874,3133212,
2010,서울시,성동구,포장,407932,3010966,
2010,서울시,광진구,포장,323742,3390146,
2010,서울시,동대문구,포장,324496,3056499,
2010,서울시,중랑구,포장,323410,2689742,
2010,서울시,성북구,포장,626654,4003341,
2010,서울시,강북구,포장,226349,1959541,
2010,서울시,도봉구,포장,255646,2324992,
2010,서울시,노원구,포장,291393,3685646,
2010,서울시,은평구,포장,332043,3053724,
2010,서울시,서대문구,포장,308695,2668016,
2010,서울시,마포구,포장,418899,4026882,
2010,서울시,양천구,포장,398357,3490746,
2010,서울시,강서구,포장,377616,4422114,
2010,서울시,구로구,포장,287021,2994380,
2010,서울시,금천구,포장,179902,1937259,
2010,서울시,영등포구,포장,387502,4404364,
2010,서울시,동작구,포장,242985,2671396,
2010,서울시,관악구,포장,316103,2754849,
2010,서울시,서초구,포장,377425,4960778,
2010,서울시,강남구,포장,423124,5498011,
2010,서울시,송파구,포장,361340,4653668,
2010,서울시,강동구,포장,282895,3141143,
2011,서울시,소계,계,8147579,82623846,
2011,서울시,종로구,계,274291,2667059,21.17
2011,서울시,중구,계,114435,1877820,18.83
2011,서울시,용산구,계,280235,3137148,22.06
2011,서울시,성동구,계,407932,3010966,22.98
2011,서울시,광진구,계,323742,3390146,28.44
2011,서울시,동대문구,계,325732,3094659,21.76
2011,서울시,중랑구,계,323410,2689742,24.45
2011,서울시,성북구,계,627028,4008916,22.38
2011,서울시,강북구,계,226664,1967767,20.76
2011,서울시,도봉구,계,256066,2334152,18.85
2011,서울시,노원구,계,291393,3685646,23.6
2011,서울시,은평구,계,332472,3069521,19.27
2011,서울시,서대문구,계,309008,2670229,16.78
2011,서울시,마포구,계,419924,4038533,28.08
2011,서울시,양천구,계,398357,3490746,26.31
2011,서울시,강서구,계,377616,4422114,24.01
2011,서울시,구로구,계,287330,3000090,20.51
2011,서울시,금천구,계,179967,1938219,18.3
2011,서울시,영등포구,계,387502,4404364,23.33
2011,서울시,동작구,계,243372,2674004,16.79
2011,서울시,관악구,계,316103,2754849,23.11
2011,서울시,서초구,계,377425,4960778,23.49
2011,서울시,강남구,계,423124,5498011,22.79
2011,서울시,송파구,계,361340,4653668,20.11
2011,서울시,강동구,계,283111,3184699,22.93
2011,서울시,소계,포장,8147579,82623846,
2011,서울시,종로구,포장,274291,2667059,
2011,서울시,중구,포장,114435,1877820,
2011,서울시,용산구,포장,280235,3137148,
2011,서울시,성동구,포장,407932,3010966,
2011,서울시,광진구,포장,323742,3390146,
2011,서울시,동대문구,포장,325732,3094659,
2011,서울시,중랑구,포장,323410,2689742,
2011,서울시,성북구,포장,627028,4008916,
2011,서울시,강북구,포장,226664,1967767,
2011,서울시,도봉구,포장,256066,2334152,
2011,서울시,노원구,포장,291393,3685646,
2011,서울시,은평구,포장,332472,3069521,
2011,서울시,서대문구,포장,309008,2670229,
2011,서울시,마포구,포장,419924,4038533,
2011,서울시,양천구,포장,398357,3490746,
2011,서울시,강서구,포장,377616,4422114,
2011,서울시,구로구,포장,287330,3000090,
2011,서울시,금천구,포장,179967,1938219,
2011,서울시,영등포구,포장,387502,4404364,
2011,서울시,동작구,포장,243372,2674004,
2011,서울시,관악구,포장,316103,2754849,
2011,서울시,서초구,포장,377425,4960778,
2011,서울시,강남구,포장,423124,5498011,
2011,서울시,송파구,포장,361340,4653668,
2011,서울시,강동구,포장,283111,3184699,
2012,서울시,소계,계,8173509,83283652,
2012,서울시,종로구,계,274458,2668599,21.18
2012,서울시,중구,계,114452,1878126,18.84
2012,서울시,용산구,계,280255,3137368,22.06
2012,서울시,성동구,계,407932,3011706,22.99
2012,서울시,광진구,계,323742,3390146,28.44
2012,서울시,동대문구,계,325732,3095075,21.77
2012,서울시,중랑구,계,323630,2691862,24.47
2012,서울시,성북구,계,627028,4009756,22.39
2012,서울시,강북구,계,226664,1967767,20.76
2012,서울시,도봉구,계,256334,2335760,18.87
2012,서울시,노원구,계,291404,3685690,23.6
2012,서울시,은평구,계,333247,3074171,19.3
2012,서울시,서대문구,계,309008,2670407,16.78
2012,서울시,마포구,계,419924,4041836,28.11
2012,서울시,양천구,계,404016,3777893,28.47
2012,서울시,강서구,계,377616,4422114,24.01
2012,서울시,구로구,계,292894,3138090,21.45
2012,서울시,금천구,계,179967,1938219,18.3
2012,서울시,영등포구,계,387794,4406116,23.34
2012,서울시,동작구,계,244890,2695922,16.92
2012,서울시,관악구,계,316103,2755421,23.12
2012,서울시,서초구,계,377425,4960778,23.49
2012,서울시,강남구,계,432553,5633856,23.36
2012,서울시,송파구,계,362700,4699775,20.31
2012,서울시,강동구,계,283741,3197199,23.02
2012,서울시,소계,포장,8173509,83283652,
2012,서울시,종로구,포장,274458,2668599,
2012,서울시,중구,포장,114452,1878126,
2012,서울시,용산구,포장,280255,3137368,
2012,서울시,성동구,포장,407932,3011706,
2012,서울시,광진구,포장,323742,3390146,
2012,서울시,동대문구,포장,325732,3095075,
2012,서울시,중랑구,포장,323630,2691862,
2012,서울시,성북구,포장,627028,4009756,
2012,서울시,강북구,포장,226664,1967767,
2012,서울시,도봉구,포장,256334,2335760,
2012,서울시,노원구,포장,291404,3685690,
2012,서울시,은평구,포장,333247,3074171,
2012,서울시,서대문구,포장,309008,2670407,
2012,서울시,마포구,포장,419924,4041836,
2012,서울시,양천구,포장,404016,3777893,
2012,서울시,강서구,포장,377616,4422114,
2012,서울시,구로구,포장,292894,3138090,
2012,서울시,금천구,포장,179967,1938219,
2012,서울시,영등포구,포장,387794,4406116,
2012,서울시,동작구,포장,244890,2695922,
2012,서울시,관악구,포장,316103,2755421,
2012,서울시,서초구,포장,377425,4960778,
2012,서울시,강남구,포장,432553,5633856,
2012,서울시,송파구,포장,362700,4699775,
2012,서울시,강동구,포장,283741,3197199,
2013,서울시,소계,계,8197932,83610749,
2013,서울시,종로구,계,274488,2670487,21.19
2013,서울시,중구,계,114452,1878126,18.84
2013,서울시,용산구,계,280306,3140518,22.09
2013,서울시,성동구,계,408188,3015873,23.02
2013,서울시,광진구,계,323742,3390146,28.44
2013,서울시,동대문구,계,326332,3108379,21.86
2013,서울시,중랑구,계,323630,2691862,24.47
2013,서울시,성북구,계,627355,4012186,22.4
2013,서울시,강북구,계,226664,1968951,20.77
2013,서울시,도봉구,계,257001,2340812,18.91
2013,서울시,노원구,계,291404,3685690,23.6
2013,서울시,은평구,계,351541,3326481,20.88
2013,서울시,서대문구,계,309132,2671643,16.79
2013,서울시,마포구,계,420058,4042908,28.11
2013,서울시,양천구,계,403396,3591294,27.06
2013,서울시,강서구,계,377616,4422114,24.01
2013,서울시,구로구,계,293241,3151152,21.54
2013,서울시,금천구,계,179967,1938819,18.31
2013,서울시,영등포구,계,387922,4409384,23.35
2013,서울시,동작구,계,247235,2724935,17.11
2013,서울시,관악구,계,316103,2758169,23.14
2013,서울시,서초구,계,379115,5139090,24.33
2013,서울시,강남구,계,432553,5633856,23.36
2013,서울시,송파구,계,362700,4699775,20.31
2013,서울시,강동구,계,283791,3198099,23.02
2013,서울시,소계,포장,8197932,83610749,
2013,서울시,종로구,포장,274488,2670487,
2013,서울시,중구,포장,114452,1878126,
2013,서울시,용산구,포장,280306,3140518,
2013,서울시,성동구,포장,408188,3015873,
2013,서울시,광진구,포장,323742,3390146,
2013,서울시,동대문구,포장,326332,3108379,
2013,서울시,중랑구,포장,323630,2691862,
2013,서울시,성북구,포장,627355,4012186,
2013,서울시,강북구,포장,226664,1968951,
2013,서울시,도봉구,포장,257001,2340812,
2013,서울시,노원구,포장,291404,3685690,
2013,서울시,은평구,포장,351541,3326481,
2013,서울시,서대문구,포장,309132,2671643,
2013,서울시,마포구,포장,420058,4042908,
2013,서울시,양천구,포장,403396,3591294,
2013,서울시,강서구,포장,377616,4422114,
2013,서울시,구로구,포장,293241,3151152,
2013,서울시,금천구,포장,179967,1938819,
2013,서울시,영등포구,포장,387922,4409384,
2013,서울시,동작구,포장,247235,2724935,
2013,서울시,관악구,포장,316103,2758169,
2013,서울시,서초구,포장,379115,5139090,
2013,서울시,강남구,포장,432553,5633856,
2013,서울시,송파구,포장,362700,4699775,
2013,서울시,강동구,포장,283791,3198099,
2014,서울시,소계,계,8214475,83961045,
2014,서울시,종로구,계,274488,2670487,21.19
2014,서울시,중구,계,114452,1878450,18.84
2014,서울시,용산구,계,280306,3140518,22.09
2014,서울시,성동구,계,408188,3020526,23.06
2014,서울시,광진구,계,323742,3390146,28.44
2014,서울시,동대문구,계,327325,3138144,22.07
2014,서울시,중랑구,계,330589,2836098,25.78
2014,서울시,성북구,계,627359,4012269,22.4
2014,서울시,강북구,계,226714,1970631,20.79
2014,서울시,도봉구,계,257031,2340992,18.91
2014,서울시,노원구,계,291467,3686398,23.6
2014,서울시,은평구,계,351541,3326481,20.88
2014,서울시,서대문구,계,309132,2671643,16.79
2014,서울시,마포구,계,420163,4044568,28.13
2014,서울시,양천구,계,403396,3591294,27.06
2014,서울시,강서구,계,377616,4422114,24.01
2014,서울시,구로구,계,293241,3151292,21.54
2014,서울시,금천구,계,179967,1940515,18.32
2014,서울시,영등포구,계,388539,4417336,23.4
2014,서울시,동작구,계,247335,2725535,17.11
2014,서울시,관악구,계,316103,2758169,23.14
2014,서울시,서초구,계,384954,5230022,24.76
2014,서울시,강남구,계,432553,5633856,23.36
2014,서울시,송파구,계,362700,4699775,20.31
2014,서울시,강동구,계,285574,3263786,23.5
2014,서울시,소계,포장,8214475,83961045,
2014,서울시,종로구,포장,274488,2670487,
2014,서울시,중구,포장,114452,1878450,
2014,서울시,용산구,포장,280306,3140518,
2014,서울시,성동구,포장,408188,3020526,
2014,서울시,광진구,포장,323742,3390146,
2014,서울시,동대문구,포장,327325,3138144,
2014,서울시,중랑구,포장,330589,2836098,
2014,서울시,성북구,포장,627359,4012269,
2014,서울시,강북구,포장,226714,1970631,
2014,서울시,도봉구,포장,257031,2340992,
2014,서울시,노원구,포장,291467,3686398,
2014,서울시,은평구,포장,351541,3326481,
2014,서울시,서대문구,포장,309132,2671643,
2014,서울시,마포구,포장,420163,4044568,
2014,서울시,양천구,포장,403396,3591294,
2014,서울시,강서구,포장,377616,4422114,
2014,서울시,구로구,포장,293241,3151292,
2014,서울시,금천구,포장,179967,1940515,
2014,서울시,영등포구,포장,388539,4417336,
2014,서울시,동작구,포장,247335,2725535,
2014,서울시,관악구,포장,316103,2758169,
2014,서울시,서초구,포장,384954,5230022,
2014,서울시,강남구,포장,432553,5633856,
2014,서울시,송파구,포장,362700,4699775,
2014,서울시,강동구,포장,285574,3263786,
2015,서울시,소계,계,8215127,84003951,
2015,서울시,종로구,계,274488,2670487,21.19
2015,서울시,중구,계,114202,1876009,18.82
2015,서울시,용산구,계,280461,3144006,22.11
2015,서울시,성동구,계,408256,3021534,23.07
2015,서울시,광진구,계,323742,3390146,28.44
2015,서울시,동대문구,계,327325,3138577,22.07
2015,서울시,중랑구,계,330923,2841669,25.83
2015,서울시,성북구,계,627359,4013121,22.41
2015,서울시,강북구,계,226714,1971185,20.79
2015,서울시,도봉구,계,257031,2340992,18.91
2015,서울시,노원구,계,291467,3686398,23.6
2015,서울시,은평구,계,351541,3326481,20.88
2015,서울시,서대문구,계,307601,2665958,16.76
2015,서울시,마포구,계,420230,4055748,28.2
2015,서울시,양천구,계,403396,3591294,27.06
2015,서울시,강서구,계,377684,4422658,24.01
2015,서울시,구로구,계,293254,3151424,21.54
2015,서울시,금천구,계,179967,1940515,18.32
2015,서울시,영등포구,계,388797,4420869,23.42
2015,서울시,동작구,계,247469,2726560,17.12
2015,서울시,관악구,계,316103,2758169,23.14
2015,서울시,서초구,계,384954,5230022,24.76
2015,서울시,강남구,계,433889,5656568,23.45
2015,서울시,송파구,계,362700,4699775,20.31
2015,서울시,강동구,계,285574,3263786,23.5
2015,서울시,소계,포장,8215127,84003951,
2015,서울시,종로구,포장,274488,2670487,
2015,서울시,중구,포장,114202,1876009,
2015,서울시,용산구,포장,280461,3144006,
2015,서울시,성동구,포장,408256,3021534,
2015,서울시,광진구,포장,323742,3390146,
2015,서울시,동대문구,포장,327325,3138577,
2015,서울시,중랑구,포장,330923,2841669,
2015,서울시,성북구,포장,627359,4013121,
2015,서울시,강북구,포장,226714,1971185,
2015,서울시,도봉구,포장,257031,2340992,
2015,서울시,노원구,포장,291467,3686398,
2015,서울시,은평구,포장,351541,3326481,
2015,서울시,서대문구,포장,307601,2665958,
2015,서울시,마포구,포장,420230,4055748,
2015,서울시,양천구,포장,403396,3591294,
2015,서울시,강서구,포장,377684,4422658,
2015,서울시,구로구,포장,293254,3151424,
2015,서울시,금천구,포장,179967,1940515,
2015,서울시,영등포구,포장,388797,4420869,
2015,서울시,동작구,포장,247469,2726560,
2015,서울시,관악구,포장,316103,2758169,
2015,서울시,서초구,포장,384954,5230022,
2015,서울시,강남구,포장,433889,5656568,
2015,서울시,송파구,포장,362700,4699775,
2015,서울시,강동구,포장,285574,3263786,
2016,서울시,소계,계,8240571,84877162,
2016,서울시,종로구,계,274502,2670788,21.2
2016,서울시,중구,계,114232,1876189,18.82
2016,서울시,용산구,계,280461,3136456,22.06
2016,서울시,성동구,계,408256,3021534,23.07
2016,서울시,광진구,계,323742,3390146,28.44
2016,서울시,동대문구,계,327382,3138965,22.07
2016,서울시,중랑구,계,330968,2843397,25.85
2016,서울시,성북구,계,627392,4013784,22.41
2016,서울시,강북구,계,226714,1971185,20.79
2016,서울시,도봉구,계,257031,2340992,18.91
2016,서울시,노원구,계,291817,3690773,23.63
2016,서울시,은평구,계,351907,3332337,20.92
2016,서울시,서대문구,계,310502,2722290,17.11
2016,서울시,마포구,계,420406,4059428,28.23
2016,서울시,양천구,계,403422,3598948,27.12
2016,서울시,강서구,계,382174,4506298,24.46
2016,서울시,구로구,계,293674,3159199,21.59
2016,서울시,금천구,계,185258,2101744,19.85
2016,서울시,영등포구,계,388797,4422877,23.43
2016,서울시,동작구,계,247849,2729942,17.14
2016,서울시,관악구,계,322203,3028487,25.41
2016,서울시,서초구,계,389579,5499595,26.04
2016,서울시,강남구,계,434029,5658248,23.46
2016,서울시,송파구,계,362700,4699775,20.31
2016,서울시,강동구,계,285574,3263785,23.5
2016,서울시,소계,포장,8240571,84877162,
2016,서울시,종로구,포장,274502,2670788,
2016,서울시,중구,포장,114232,1876189,
2016,서울시,용산구,포장,280461,3136456,
2016,서울시,성동구,포장,408256,3021534,
2016,서울시,광진구,포장,323742,3390146,
2016,서울시,동대문구,포장,327382,3138965,
2016,서울시,중랑구,포장,330968,2843397,
2016,서울시,성북구,포장,627392,4013784,
2016,서울시,강북구,포장,226714,1971185,
2016,서울시,도봉구,포장,257031,2340992,
2016,서울시,노원구,포장,291817,3690773,
2016,서울시,은평구,포장,351907,3332337,
2016,서울시,서대문구,포장,310502,2722290,
2016,서울시,마포구,포장,420406,4059428,
2016,서울시,양천구,포장,403422,3598948,
2016,서울시,강서구,포장,382174,4506298,
2016,서울시,구로구,포장,293674,3159199,
2016,서울시,금천구,포장,185258,2101744,
2016,서울시,영등포구,포장,388797,4422877,
2016,서울시,동작구,포장,247849,2729942,
2016,서울시,관악구,포장,322203,3028487,
2016,서울시,서초구,포장,389579,5499595,
2016,서울시,강남구,포장,434029,5658248,
2016,서울시,송파구,포장,362700,4699775,
2016,서울시,강동구,포장,285574,3263785,
2017,서울시,소계,계,8270665,86000456,
2017,서울시,종로구,계,274732,2684486,21.31
2017,서울시,중구,계,114232,1876189,18.82
2017,서울시,용산구,계,280679,3150277,22.15
2017,서울시,성동구,계,408256,3021534,23.07
2017,서울시,광진구,계,323818,3391252,28.45
2017,서울시,동대문구,계,327382,3138965,22.07
2017,서울시,중랑구,계,334013,2937952,25.97
2017,서울시,성북구,계,627392,4014459,22.41
2017,서울시,강북구,계,226714,1971185,20.79
2017,서울시,도봉구,계,257431,2349292,18.98
2017,서울시,노원구,계,295417,3828023,23.63
2017,서울시,은평구,계,351997,3332877,20.92
2017,서울시,서대문구,계,310502,2722920,17.11
2017,서울시,마포구,계,420428,4059660,28.23
2017,서울시,양천구,계,403922,3616228,27.12
2017,서울시,강서구,계,385164,4596298,24.46
2017,서울시,구로구,계,294097,3162231,21.61
2017,서울시,금천구,계,188448,2159744,19.85
2017,서울시,영등포구,계,389038,4434015,23.49
2017,서울시,동작구,계,248238,2734186,17.16
2017,서울시,관악구,계,322203,3028487,25.41
2017,서울시,서초구,계,394789,5729263,26.06
2017,서울시,강남구,계,434649,5669904,23.46
2017,서울시,송파구,계,367200,4868975,20.31
2017,서울시,강동구,계,289924,3522054,24.18
2017,서울시,소계,포장,8270665,86000456,
2017,서울시,종로구,포장,274732,2684486,
2017,서울시,중구,포장,114232,1876189,
2017,서울시,용산구,포장,280679,3150277,
2017,서울시,성동구,포장,408256,3021534,
2017,서울시,광진구,포장,323818,3391252,
2017,서울시,동대문구,포장,327382,3138965,
2017,서울시,중랑구,포장,334013,2937952,
2017,서울시,성북구,포장,627392,4014459,
2017,서울시,강북구,포장,226714,1971185,
2017,서울시,도봉구,포장,257431,2349292,
2017,서울시,노원구,포장,295417,3828023,
2017,서울시,은평구,포장,351997,3332877,
2017,서울시,서대문구,포장,310502,2722920,
2017,서울시,마포구,포장,420428,4059660,
2017,서울시,양천구,포장,403922,3616228,
2017,서울시,강서구,포장,385164,4596298,
2017,서울시,구로구,포장,294097,3162231,
2017,서울시,금천구,포장,188448,2159744,
2017,서울시,영등포구,포장,389038,4434015,
2017,서울시,동작구,포장,248238,2734186,
2017,서울시,관악구,포장,322203,3028487,
2017,서울시,서초구,포장,394789,5729263,
2017,서울시,강남구,포장,434649,5669904,
2017,서울시,송파구,포장,367200,4868975,
2017,서울시,강동구,포장,289924,3522054,
2018,서울시,소계,계,8273356,86057832,
2018,서울시,종로구,계,275032,2688271,21.34
2018,서울시,중구,계,114232,1876189,18.82
2018,서울시,용산구,계,280679,3150277,22.15
2018,서울시,성동구,계,408339,3024659,23.09
2018,서울시,광진구,계,324237,3396817,28.5
2018,서울시,동대문구,계,327382,3144310,22.11
2018,서울시,중랑구,계,334013,2938827,25.98
2018,서울시,성북구,계,627414,4014836,22.42
2018,서울시,강북구,계,226714,1974677,20.83
2018,서울시,도봉구,계,257431,2349572,18.98
2018,서울시,노원구,계,296067,3833496,23.66
2018,서울시,은평구,계,351997,3332877,20.92
2018,서울시,서대문구,계,311206,2744932,17.25
2018,서울시,마포구,계,420428,4059660,28.23
2018,서울시,양천구,계,403922,3616228,27.12
2018,서울시,강서구,계,385177,4596428,24.46
2018,서울시,구로구,계,294178,3162493,21.62
2018,서울시,금천구,계,188448,2159744,19.85
2018,서울시,영등포구,계,389191,4435768,23.49
2018,서울시,동작구,계,248238,2734186,17.16
2018,서울시,관악구,계,322203,3028487,25.41
2018,서울시,서초구,계,394580,5728307,26.05
2018,서울시,강남구,계,434999,5673004,23.47
2018,서울시,송파구,계,367200,4869731,20.31
2018,서울시,강동구,계,290049,3524056,24.19
2018,서울시,소계,포장,8273356,86057832,
2018,서울시,종로구,포장,275032,2688271,
2018,서울시,중구,포장,114232,1876189,
2018,서울시,용산구,포장,280679,3150277,
2018,서울시,성동구,포장,408339,3024659,
2018,서울시,광진구,포장,324237,3396817,
2018,서울시,동대문구,포장,327382,3144310,
2018,서울시,중랑구,포장,334013,2938827,
2018,서울시,성북구,포장,627414,4014836,
2018,서울시,강북구,포장,226714,1974677,
2018,서울시,도봉구,포장,257431,2349572,
2018,서울시,노원구,포장,296067,3833496,
2018,서울시,은평구,포장,351997,3332877,
2018,서울시,서대문구,포장,311206,2744932,
2018,서울시,마포구,포장,420428,4059660,
2018,서울시,양천구,포장,403922,3616228,
2018,서울시,강서구,포장,385177,4596428,
2018,서울시,구로구,포장,294178,3162493,
2018,서울시,금천구,포장,188448,2159744,
2018,서울시,영등포구,포장,389191,4435768,
2018,서울시,동작구,포장,248238,2734186,
2018,서울시,관악구,포장,322203,3028487,
2018,서울시,서초구,포장,394580,5728307,
2018,서울시,강남구,포장,434999,5673004,
2018,서울시,송파구,포장,367200,4869731,
2018,서울시,강동구,포장,290049,3524056,
2019,서울시,소계,계,8309733,86860461,
2019,서울시,종로구,계,275032,2688567,21.34
2019,서울시,중구,계,114233,1876189,18.82
2019,서울시,용산구,계,281073,3154983,22.19
2019,서울시,성동구,계,408339,3024659,23.09
2019,서울시,광진구,계,324557,3436090,28.83
2019,서울시,동대문구,계,327668,3151074,22.16
2019,서울시,중랑구,계,334013,2941864,26.01
2019,서울시,성북구,계,629666,4140468,23.12
2019,서울시,강북구,계,227266,1982554,20.91
2019,서울시,도봉구,계,257431,2351234,18.99
2019,서울시,노원구,계,296067,3833496,23.66
2019,서울시,은평구,계,352014,3332979,20.92
2019,서울시,서대문구,계,311206,2744932,17.25
2019,서울시,마포구,계,421328,4080043,28.37
2019,서울시,양천구,계,404774,3623827,27.18
2019,서울시,강서구,계,410852,5032589,26.83
2019,서울시,구로구,계,294411,3164758,21.63
2019,서울시,금천구,계,189398,2199707,20.22
2019,서울시,영등포구,계,390123,4437303,23.5
2019,서울시,동작구,계,248238,2734186,17.16
2019,서울시,관악구,계,322203,3028487,25.41
2019,서울시,서초구,계,396500,5789862,26.35
2019,서울시,강남구,계,434999,5698444,23.58
2019,서울시,송파구,계,368293,4876294,20.34
2019,서울시,강동구,계,290049,3535873,24.28
2019,서울시,소계,포장,8309733,86860461,
2019,서울시,종로구,포장,275032,2688567,
2019,서울시,중구,포장,114233,1876189,
2019,서울시,용산구,포장,281073,3154983,
2019,서울시,성동구,포장,408339,3024659,
2019,서울시,광진구,포장,324557,3436090,
2019,서울시,동대문구,포장,327668,3151074,
2019,서울시,중랑구,포장,334013,2941864,
2019,서울시,성북구,포장,629666,4140468,
2019,서울시,강북구,포장,227266,1982554,
2019,서울시,도봉구,포장,257431,2351234,
2019,서울시,노원구,포장,296067,3833496,
2019,서울시,은평구,포장,352014,3332979,
2019,서울시,서대문구,포장,311206,2744932,
2019,서울시,마포구,포장,421328,4080043,
2019,서울시,양천구,포장,404774,3623827,
2019,서울시,강서구,포장,410852,5032589,
2019,서울시,구로구,포장,294411,3164758,
2019,서울시,금천구,포장,189398,2199707,
2019,서울시,영등포구,포장,390123,4437303,
2019,서울시,동작구,포장,248238,2734186,
2019,서울시,관악구,포장,322203,3028487,
2019,서울시,서초구,포장,396500,5789862,
2019,서울시,강남구,포장,434999,5698444,
2019,서울시,송파구,포장,368293,4876294,
2019,서울시,강동구,포장,290049,3535873,
2020,서울시,소계,계,8323666,87295204,
2020,서울시,종로구,계,275701,2701070,21.44
2020,서울시,중구,계,114233,1876189,18.82
2020,서울시,용산구,계,281073,3154983,22.19
2020,서울시,성동구,계,408339,3024659,23.09
2020,서울시,광진구,계,324615,3436438,28.83
2020,서울시,동대문구,계,327668,3151074,22.16
2020,서울시,중랑구,계,334013,2941864,26.01
2020,서울시,성북구,계,632634,4225186,23.59
2020,서울시,강북구,계,227266,1982644,20.91
2020,서울시,도봉구,계,257745,2354214,19.02
2020,서울시,노원구,계,296279,3841026,23.71
2020,서울시,은평구,계,357986,3500664,21.98
2020,서울시,서대문구,계,311206,2744932,17.25
2020,서울시,마포구,계,421328,4088471,28.43
2020,서울시,양천구,계,404774,3623827,27.18
2020,서울시,강서구,계,410852,5032589,26.83
2020,서울시,구로구,계,294701,3177759,21.72
2020,서울시,금천구,계,190998,2252507,20.72
2020,서울시,영등포구,계,390123,4438303,23.51
2020,서울시,동작구,계,248238,2734186,17.16
2020,서울시,관악구,계,322203,3028487,25.41
2020,서울시,서초구,계,396500,5789862,26.35
2020,서울시,강남구,계,434999,5698444,23.58
2020,서울시,송파구,계,370004,4953894,20.68
2020,서울시,강동구,계,290189,3541933,24.32
2020,서울시,소계,포장,8323666,87295204,
2020,서울시,종로구,포장,275701,2701070,
2020,서울시,중구,포장,114233,1876189,
2020,서울시,용산구,포장,281073,3154983,
2020,서울시,성동구,포장,408339,3024659,
2020,서울시,광진구,포장,324615,3436438,
2020,서울시,동대문구,포장,327668,3151074,
2020,서울시,중랑구,포장,334013,2941864,
2020,서울시,성북구,포장,632634,4225186,
2020,서울시,강북구,포장,227266,1982644,
2020,서울시,도봉구,포장,257745,2354214,
2020,서울시,노원구,포장,296279,3841026,
2020,서울시,은평구,포장,357986,3500664,
2020,서울시,서대문구,포장,311206,2744932,
2020,서울시,마포구,포장,421328,4088471,
2020,서울시,양천구,포장,404774,3623827,
2020,서울시,강서구,포장,410852,5032589,
2020,서울시,구로구,포장,294701,3177759,
2020,서울시,금천구,포장,190998,2252507,
2020,서울시,영등포구,포장,390123,4438303,
2020,서울시,동작구,포장,248238,2734186,
2020,서울시,관악구,포장,322203,3028487,
2020,서울시,서초구,포장,396500,5789862,
2020,서울시,강남구,포장,434999,5698444,
2020,서울시,송파구,포장,370004,4953894,
2020,서울시,강동구,포장,290189,3541933,
2021,서울시,소계,계,8328400,86903255,
2021,서울시,종로구,계,275701,2701070,21.44
2021,서울시,중구,계,114232,1876189,18.82
2021,서울시,용산구,계,281073,3154983,22.19
2021,서울시,성동구,계,408339,3024659,23.09
2021,서울시,광진구,계,324662,3436834,28.83
2021,서울시,동대문구,계,327668,3151074,22.16
2021,서울시,중랑구,계,331468,2861614,26.01
2021,서울시,성북구,계,632634,4225186,23.59
2021,서울시,강북구,계,227586,1984564,20.93
2021,서울시,도봉구,계,257765,2354393,19.02
2021,서울시,노원구,계,292679,3703776,23.71
2021,서울시,은평구,계,359095,3518076,22.08
2021,서울시,서대문구,계,311206,2744932,17.25
2021,서울시,마포구,계,422128,4113591,28.61
2021,서울시,양천구,계,411736,3700304,27.88
2021,서울시,강서구,계,408521,4971891,26.99
2021,서울시,구로구,계,296921,3227759,22.06
2021,서울시,금천구,계,190888,2263876,21.38
2021,서울시,영등포구,계,397092,4574217,24.23
2021,서울시,동작구,계,250185,2754623,17.29
2021,서울시,관악구,계,322203,3028487,25.41
2021,서울시,서초구,계,391290,5564352,26.35
2021,서울시,강남구,계,441986,5803381,24.06
2021,서울시,송파구,계,365504,4784694,20.68
2021,서울시,강동구,계,285839,3378733,24
2021,서울시,소계,포장,8328400,86903255,
2021,서울시,종로구,포장,275701,2701070,
2021,서울시,중구,포장,114232,1876189,
2021,서울시,용산구,포장,281073,3154983,
2021,서울시,성동구,포장,408339,3024659,
2021,서울시,광진구,포장,324662,3436834,
2021,서울시,동대문구,포장,327668,3151074,
2021,서울시,중랑구,포장,331468,2861614,
2021,서울시,성북구,포장,632634,4225186,
2021,서울시,강북구,포장,227586,1984564,
2021,서울시,도봉구,포장,257765,2354393,
2021,서울시,노원구,포장,292679,3703776,
2021,서울시,은평구,포장,359095,3518076,
2021,서울시,서대문구,포장,311206,2744932,
2021,서울시,마포구,포장,422128,4113591,
2021,서울시,양천구,포장,411736,3700304,
2021,서울시,강서구,포장,408521,4971891,
2021,서울시,구로구,포장,296921,3227759,
2021,서울시,금천구,포장,190888,2263876,
2021,서울시,영등포구,포장,397092,4574217,
2021,서울시,동작구,포장,250185,2754623,
2021,서울시,관악구,포장,322203,3028487,
2021,서울시,서초구,포장,391290,5564352,
2021,서울시,강남구,포장,441986,5803381,
2021,서울시,송파구,포장,365504,4784694,
2021,서울시,강동구,포장,285839,33787,
